{"cameraMode":{"drawMode":0,"name":"Shaded","section":"Shading Mode"},"sceneLighting":true,"audioPlay":false,"sceneViewState":{"showFog":true,"showMaterialUpdate":false,"showSkybox":true,"showFlares":true,"showImageEffects":true,"showParticleSystems":true},"in2DMode":false,"pivot":{"x":-67.61369323730469,"y":-50.49378204345703,"z":-37.97843551635742},"rotation":{"x":0.3906494081020355,"y":0.19510266184806825,"z":-0.08510125428438187,"w":0.8955987095832825},"size":116.9260025024414,"orthographic":false}