{"cameraMode":{"drawMode":0,"name":"Shaded","section":"Shading Mode"},"sceneLighting":true,"audioPlay":false,"sceneViewState":{"showFog":true,"showMaterialUpdate":false,"showSkybox":true,"showFlares":true,"showImageEffects":true,"showParticleSystems":true},"in2DMode":false,"pivot":{"x":-1.187957763671875,"y":-65.88178253173828,"z":34.01288604736328},"rotation":{"x":0.3906494081020355,"y":0.19510266184806825,"z":-0.08510125428438187,"w":0.8955987095832825},"size":169.7797088623047,"orthographic":false}