{"cameraMode":{"drawMode":0,"name":"Shaded","section":"Shading Mode"},"sceneLighting":true,"audioPlay":false,"sceneViewState":{"showFog":true,"showMaterialUpdate":false,"showSkybox":true,"showFlares":true,"showImageEffects":true,"showParticleSystems":true},"in2DMode":false,"pivot":{"x":-48.57917785644531,"y":-54.11280059814453,"z":-89.49348449707031},"rotation":{"x":0.11769028753042221,"y":0.8302826285362244,"z":-0.19161318242549897,"w":0.5099660754203796},"size":120.97188568115235,"orthographic":false}