{"cameraMode":{"drawMode":0,"name":"Shaded","section":"Shading Mode"},"sceneLighting":true,"audioPlay":false,"sceneViewState":{"showFog":true,"showMaterialUpdate":false,"showSkybox":true,"showFlares":true,"showImageEffects":true,"showParticleSystems":true},"in2DMode":false,"pivot":{"x":-23.931194305419923,"y":4.285368919372559,"z":-1.2657430171966553},"rotation":{"x":-0.09305331110954285,"y":-0.724248468875885,"z":0.09970716387033463,"w":-0.6759172677993774},"size":24.660842895507814,"orthographic":false}